{
  "explained_variance_ratio": [
    0.30846794740655153,
    0.1763494885393972,
    0.15656402164431224,
    0.12870354711508877,
    0.08798510147514474,
    0.050908071049296684,
    0.03184405410372858,
    0.023659520183333685,
    0.015852137042891526,
    0.014972072740824382,
    0.004099077317983972,
    0.0005949613814466646
  ],
  "cumulative_variance_ratio": [
    0.30846794740655153,
    0.4848174359459487,
    0.641381457590261,
    0.7700850047053498,
    0.8580701061804945,
    0.9089781772297912,
    0.9408222313335198,
    0.9644817515168536,
    0.9803338885597451,
    0.9953059613005695,
    0.9994050386185535,
    1.0000000000000002
  ],
  "loadings": {
    "PC1": {
      "u_m_s": 0.08165468142074091,
      "v_m_s": -0.31709073826193507,
      "w_m_s": -0.035463501784012606,
      "2dSpeed_m_s": -0.3626560612620347,
      "Azimuth_deg": -0.24366166085925522,
      "Elev_deg": 0.012617327576433598,
      "Press_Pa": 0.14011077426498833,
      "Temp_C": 0.44944071489455695,
      "Hum_RH": -0.2770275434152244,
      "SonicTemp_C": 0.4558913877884774,
      "hour": -0.18658575600334287,
      "day": -0.3993184808771793
    },
    "PC2": {
      "u_m_s": 0.51102188625892,
      "v_m_s": 0.019798423447663027,
      "w_m_s": -0.4343779268409426,
      "2dSpeed_m_s": 0.1925343178909056,
      "Azimuth_deg": -0.40932066450694377,
      "Elev_deg": -0.4379806562689268,
      "Press_Pa": -0.26917018801779896,
      "Temp_C": -0.07425331352167473,
      "Hum_RH": 0.21671899334705513,
      "SonicTemp_C": -0.036467285520236536,
      "hour": -0.06618007604347956,
      "day": -0.15065727164881068
    },
    "PC3": {
      "u_m_s": 0.2576899538825342,
      "v_m_s": -0.3844193321399565,
      "w_m_s": 0.3771799244227837,
      "2dSpeed_m_s": -0.283461471617989,
      "Azimuth_deg": -0.20884077428267328,
      "Elev_deg": 0.4129470512911481,
      "Press_Pa": -0.16345974050846188,
      "Temp_C": -0.25346357726241564,
      "Hum_RH": 0.44166729938422344,
      "SonicTemp_C": -0.20418162506544077,
      "hour": -0.07909285604098744,
      "day": -0.1228174917934861
    },
    "PC4": {
      "u_m_s": -0.11835096389616506,
      "v_m_s": -0.395628600581296,
      "w_m_s": -0.36097804426229857,
      "2dSpeed_m_s": -0.3507777019141314,
      "Azimuth_deg": 0.14009317386188,
      "Elev_deg": -0.30487344268723876,
      "Press_Pa": 0.529158018264465,
      "Temp_C": -0.20885108963760277,
      "Hum_RH": 0.19215597860729622,
      "SonicTemp_C": -0.20023796696913138,
      "hour": 0.25020658020774367,
      "day": 0.017248753073037717
    },
    "PC5": {
      "u_m_s": 0.2637060206617024,
      "v_m_s": 0.17243933576980186,
      "w_m_s": 0.1747644878195536,
      "2dSpeed_m_s": 0.13594391015584534,
      "Azimuth_deg": -0.3312669360081193,
      "Elev_deg": 0.17412874183519564,
      "Press_Pa": 0.29689786651428146,
      "Temp_C": 0.020689194916231675,
      "Hum_RH": -0.17199579700241305,
      "SonicTemp_C": -0.013363073572628677,
      "hour": 0.7579811424844738,
      "day": -0.13699967663665058
    },
    "PC6": {
      "u_m_s": 0.4053511837161663,
      "v_m_s": -0.11246840990673582,
      "w_m_s": 0.08379433375276622,
      "2dSpeed_m_s": 0.15712034451488532,
      "Azimuth_deg": -0.16743702127744953,
      "Elev_deg": 0.07680233815386685,
      "Press_Pa": 0.4806927750031908,
      "Temp_C": -0.053193278257444375,
      "Hum_RH": -0.27238808180889557,
      "SonicTemp_C": -0.07899906421415595,
      "hour": -0.4088532095920776,
      "day": 0.5252685896940841
    },
    "PC7": {
      "u_m_s": 0.4124157851732774,
      "v_m_s": -0.2945353171848661,
      "w_m_s": -0.012022255237967397,
      "2dSpeed_m_s": 0.15865302979970822,
      "Azimuth_deg": 0.5280022785163275,
      "Elev_deg": 0.038082919439246236,
      "Press_Pa": -0.1189193416893061,
      "Temp_C": 0.2973302382726562,
      "Hum_RH": 0.24570360841443867,
      "SonicTemp_C": 0.3631894830222289,
      "hour": 0.26852359418362837,
      "day": 0.26585949088836197
    },
    "PC8": {
      "u_m_s": -0.3179113214017152,
      "v_m_s": 0.011351667060658988,
      "w_m_s": 0.0005895746907612982,
      "2dSpeed_m_s": -0.21836155916877484,
      "Azimuth_deg": -0.5016261586914222,
      "Elev_deg": -0.07327738965803583,
      "Press_Pa": -0.14186764941595745,
      "Temp_C": 0.18575357461034656,
      "Hum_RH": 0.2586016352535562,
      "SonicTemp_C": 0.25225460313283454,
      "hour": 0.16972152368385104,
      "day": 0.616587080427089
    },
    "PC9": {
      "u_m_s": -0.09873391700166693,
      "v_m_s": 0.28234831442327496,
      "w_m_s": -0.3318165370455741,
      "2dSpeed_m_s": 0.22949249232354493,
      "Azimuth_deg": -0.05408765251879676,
      "Elev_deg": 0.4383981873785644,
      "Press_Pa": 0.403174183046786,
      "Temp_C": 0.1046168320027094,
      "Hum_RH": 0.5259095108167783,
      "SonicTemp_C": 0.20685029660096482,
      "hour": -0.1854768047077681,
      "day": -0.15931093046137476
    },
    "PC10": {
      "u_m_s": -0.04450722677770792,
      "v_m_s": 0.09702424873846843,
      "w_m_s": 0.6240817120213454,
      "2dSpeed_m_s": 0.16239275984316717,
      "Azimuth_deg": 0.0013643249818620093,
      "Elev_deg": -0.5541758759507808,
      "Press_Pa": 0.28910035818438184,
      "Temp_C": 0.06470215623977978,
      "Hum_RH": 0.34612684384361087,
      "SonicTemp_C": 0.14227325245427122,
      "hour": -0.11412453318545296,
      "day": -0.15750549746462714
    },
    "PC11": {
      "u_m_s": -0.36609625221206643,
      "v_m_s": -0.6120751940294917,
      "w_m_s": -0.013458679526456418,
      "2dSpeed_m_s": 0.656566465034036,
      "Azimuth_deg": -0.19673452393646462,
      "Elev_deg": 0.04605497923644257,
      "Press_Pa": -0.03819983908631546,
      "Temp_C": 0.04338692052191963,
      "Hum_RH": -0.05753694074882547,
      "SonicTemp_C": -0.06607506731260741,
      "hour": 0.04026066542267379,
      "day": -0.081316111916422
    },
    "PC12": {
      "u_m_s": 0.031898286550527184,
      "v_m_s": 0.041552061411542024,
      "w_m_s": 0.004240342596962874,
      "2dSpeed_m_s": -0.04333447087908258,
      "Azimuth_deg": 0.005006559162344111,
      "Elev_deg": -0.008742356137246351,
      "Press_Pa": 0.010922097464748884,
      "Temp_C": 0.7358302945938416,
      "Hum_RH": 0.11651909398443677,
      "SonicTemp_C": -0.6630948294527106,
      "hour": -0.017125700137928378,
      "day": 0.011327746476173966
    }
  },
  "biplot_data": {
    "features": [
      "u_m_s",
      "v_m_s",
      "w_m_s",
      "2dSpeed_m_s",
      "Azimuth_deg",
      "Elev_deg",
      "Press_Pa",
      "Temp_C",
      "Hum_RH",
      "SonicTemp_C",
      "hour",
      "day"
    ],
    "pc_coordinates": [
      [
        0.08165468142074091,
        0.51102188625892,
        0.2576899538825342
      ],
      [
        -0.31709073826193507,
        0.019798423447663027,
        -0.3844193321399565
      ],
      [
        -0.035463501784012606,
        -0.4343779268409426,
        0.3771799244227837
      ],
      [
        -0.3626560612620347,
        0.1925343178909056,
        -0.283461471617989
      ],
      [
        -0.24366166085925522,
        -0.40932066450694377,
        -0.20884077428267328
      ],
      [
        0.012617327576433598,
        -0.4379806562689268,
        0.4129470512911481
      ],
      [
        0.14011077426498833,
        -0.26917018801779896,
        -0.16345974050846188
      ],
      [
        0.44944071489455695,
        -0.07425331352167473,
        -0.25346357726241564
      ],
      [
        -0.2770275434152244,
        0.21671899334705513,
        0.44166729938422344
      ],
      [
        0.4558913877884774,
        -0.036467285520236536,
        -0.20418162506544077
      ],
      [
        -0.18658575600334287,
        -0.06618007604347956,
        -0.07909285604098744
      ],
      [
        -0.3993184808771793,
        -0.15065727164881068,
        -0.1228174917934861
      ]
    ],