{
  "explained_variance_ratio": [
    0.30846794740655115,
    0.17634948853939672,
    0.15656402164431174,
    0.12870354711508852,
    0.08798510147514454,
    0.050908071049297225,
    0.03184405410372867,
    0.023659520183334583,
    0.01585213704289152,
    0.014972072740824365,
    0.004099077317983872,
    0.0005949613814468258
  ],
  "cumulative_variance_ratio": [
    0.30846794740655115,
    0.48481743594594784,
    0.6413814575902596,
    0.770085004705348,
    0.8580701061804925,
    0.9089781772297897,
    0.9408222313335184,
    0.964481751516853,
    0.9803338885597446,
    0.9953059613005689,
    0.9994050386185528,
    0.9999999999999997
  ],
  "loadings": {
    "PC1": {
      "u_m_s": 0.08165468142074109,
      "v_m_s": -0.31709073826193435,
      "w_m_s": -0.03546350178401246,
      "2dSpeed_m_s": -0.36265606126203365,
      "Azimuth_deg": -0.24366166085925528,
      "Elev_deg": 0.01261732757643344,
      "Press_Pa": 0.14011077426498753,
      "Temp_C": 0.44944071489455606,
      "Hum_RH": -0.2770275434152236,
      "SonicTemp_C": 0.45589138778847665,
      "hour": -0.1865857560033424,
      "day": -0.3993184808771825
    },
    "PC2": {
      "u_m_s": 0.5110218862589214,
      "v_m_s": 0.01979842344766214,
      "w_m_s": -0.4343779268409404,
      "2dSpeed_m_s": 0.19253431789090564,
      "Azimuth_deg": -0.4093206645069439,
      "Elev_deg": -0.43798065626892424,
      "Press_Pa": -0.26917018801780046,
      "Temp_C": -0.07425331352167702,
      "Hum_RH": 0.2167189933470578,
      "SonicTemp_C": -0.03646728552023831,
      "hour": -0.0661800760434795,
      "day": -0.15065727164881304
    },
    "PC3": {
      "u_m_s": 0.2576899538825308,
      "v_m_s": -0.3844193321399563,
      "w_m_s": 0.37717992442278514,
      "2dSpeed_m_s": -0.28346147161799035,
      "Azimuth_deg": -0.20884077428267034,
      "Elev_deg": 0.41294705129114934,
      "Press_Pa": -0.1634597405084591,
      "Temp_C": -0.2534635772624167,
      "Hum_RH": 0.4416672993842224,
      "SonicTemp_C": -0.20418162506544135,
      "hour": -0.07909285604098572,
      "day": -0.12281749179348711
    },
    "PC4": {
      "u_m_s": -0.11835096389616519,
      "v_m_s": -0.395628600581296,
      "w_m_s": -0.3609780442622999,
      "2dSpeed_m_s": -0.35077770191413055,
      "Azimuth_deg": 0.14009317386188025,
      "Elev_deg": -0.30487344268724,
      "Press_Pa": 0.5291580182644646,
      "Temp_C": -0.2088510896376023,
      "Hum_RH": 0.19215597860729527,
      "SonicTemp_C": -0.20023796696913024,
      "hour": 0.2502065802077435,
      "day": 0.017248753073037956
    },
    "PC5": {
      "u_m_s": 0.2637060206616992,
      "v_m_s": 0.1724393357698032,
      "w_m_s": 0.17476448781955278,
      "2dSpeed_m_s": 0.1359439101558451,
      "Azimuth_deg": -0.33126693600811685,
      "Elev_deg": 0.1741287418351952,
      "Press_Pa": 0.2968978665142803,
      "Temp_C": 0.02068919491623091,
      "Hum_RH": -0.1719957970024115,
      "SonicTemp_C": -0.013363073572629332,
      "hour": 0.7579811424844761,
      "day": -0.13699967663665671
    },
    "PC6": {
      "u_m_s": 0.40535118371616924,
      "v_m_s": -0.11246840990674213,
      "w_m_s": 0.08379433375276504,
      "2dSpeed_m_s": 0.15712034451487844,
      "Azimuth_deg": -0.16743702127745852,
      "Elev_deg": 0.07680233815386729,
      "Press_Pa": 0.4806927750031822,
      "Temp_C": -0.05319327825743229,
      "Hum_RH": -0.2723880818088901,
      "SonicTemp_C": -0.078999064214144,
      "hour": -0.4088532095920614,
      "day": 0.5252685896941082
    },
    "PC7": {
      "u_m_s": 0.412415785173254,
      "v_m_s": -0.2945353171848661,
      "w_m_s": -0.01202225523796912,
      "2dSpeed_m_s": 0.158653029799688,
      "Azimuth_deg": 0.5280022785162999,
      "Elev_deg": 0.038082919439239846,
      "Press_Pa": -0.11891934168932897,
      "Temp_C": 0.2973302382726678,
      "Hum_RH": 0.2457036084144518,
      "SonicTemp_C": 0.36318948302224247,
      "hour": 0.26852359418364935,
      "day": 0.2658594908883915
    },
    "PC8": {
      "u_m_s": -0.31791132140174283,
      "v_m_s": 0.011351667060671311,
      "w_m_s": 0.0005895746907497237,
      "2dSpeed_m_s": -0.2183615591688074,
      "Azimuth_deg": -0.5016261586914487,
      "Elev_deg": -0.07327738965803618,
      "Press_Pa": -0.14186764941598778,
      "Temp_C": 0.18575357461032538,
      "Hum_RH": 0.25860163525352087,
      "SonicTemp_C": 0.25225460313280407,
      "hour": 0.16972152368385868,
      "day": 0.6165870804270662
    },
    "PC9": {
      "u_m_s": -0.09873391700167745,
      "v_m_s": 0.28234831442328245,
      "w_m_s": -0.3318165370455002,
      "2dSpeed_m_s": 0.22949249232356028,
      "Azimuth_deg": -0.054087652518808566,
      "Elev_deg": 0.43839818737849734,
      "Press_Pa": 0.4031741830468174,
      "Temp_C": 0.10461683200272359,
      "Hum_RH": 0.5259095108168279,
      "SonicTemp_C": 0.20685029660099435,
      "hour": -0.18547680470777658,
      "day": -0.15931093046136674
    },
    "PC10": {
      "u_m_s": -0.044507226777703246,
      "v_m_s": 0.09702424873843163,
      "w_m_s": 0.6240817120213845,
      "2dSpeed_m_s": 0.16239275984313636,
      "Azimuth_deg": 0.0013643249818537442,
      "Elev_deg": -0.5541758759508342,
      "Press_Pa": 0.2891003581843317,
      "Temp_C": 0.06470215623977359,
      "Hum_RH": 0.3461268438435571,
      "SonicTemp_C": 0.1422732524542584,
      "hour": -0.11412453318542645,
      "day": -0.15750549746458195
    },
    "PC11": {
      "u_m_s": -0.3660962522120672,
      "v_m_s": -0.6120751940294928,
      "w_m_s": -0.013458679526456963,
      "2dSpeed_m_s": 0.6565664650340348,
      "Azimuth_deg": -0.1967345239364675,
      "Elev_deg": 0.04605497923644297,
      "Press_Pa": -0.038199839086317244,
      "Temp_C": 0.04338692052192512,
      "Hum_RH": -0.05753694074882443,
      "SonicTemp_C": -0.06607506731260931,
      "hour": 0.04026066542267488,
      "day": -0.08131611191641538
    },
    "PC12": {
      "u_m_s": 0.031898286550528565,
      "v_m_s": 0.04155206141154632,
      "w_m_s": 0.004240342596963391,
      "2dSpeed_m_s": -0.04333447087908588,
      "Azimuth_deg": 0.005006559162345055,
      "Elev_deg": -0.008742356137247033,
      "Press_Pa": 0.010922097464749996,
      "Temp_C": 0.7358302945938413,
      "Hum_RH": 0.11651909398443941,
      "SonicTemp_C": -0.6630948294527099,
      "hour": -0.017125700137928728,
      "day": 0.011327746476171997
    }
  },
  "biplot_data": {
    "features": [
      "u_m_s",
      "v_m_s",
      "w_m_s",
      "2dSpeed_m_s",
      "Azimuth_deg",
      "Elev_deg",
      "Press_Pa",
      "Temp_C",
      "Hum_RH",
      "SonicTemp_C",
      "hour",
      "day"
    ],
    "pc_coordinates": [
      [
        0.08165468142074109,
        0.5110218862589214,
        0.2576899538825308
      ],
      [
        -0.31709073826193435,
        0.01979842344766214,
        -0.3844193321399563
      ],
      [
        -0.03546350178401246,
        -0.4343779268409404,
        0.37717992442278514
      ],
      [
        -0.36265606126203365,
        0.19253431789090564,
        -0.28346147161799035
      ],
      [
        -0.24366166085925528,
        -0.4093206645069439,
        -0.20884077428267034
      ],
      [
        0.01261732757643344,
        -0.43798065626892424,
        0.41294705129114934
      ],
      [
        0.14011077426498753,
        -0.26917018801780046,
        -0.1634597405084591
      ],
      [
        0.44944071489455606,
        -0.07425331352167702,
        -0.2534635772624167
      ],
      [
        -0.2770275434152236,
        0.2167189933470578,
        0.4416672993842224
      ],
      [
        0.45589138778847665,
        -0.03646728552023831,
        -0.20418162506544135
      ],
      [
        -0.1865857560033424,
        -0.0661800760434795,
        -0.07909285604098572
      ],
      [
        -0.3993184808771825,
        -0.15065727164881304,
        -0.12281749179348711
      ]
    ],